Acorn, Plant, Sell, 55, 5, 11.0, 0, , , x, 
Aether Hermit, Seafood, Sell, 30, 3, 10.0, , , , x, 
Almandine Goby, Seafood, Sell, 40, 4, 10.0, 0, , , x, 
Amber Goby, Seafood, Sell, 40, 4, 10.0, 0, , , x, 
Angelspine, Seafood, Sell, 75, 5, 15.0, 0, , , Accent: Pauper Rainbow, 
Armored catfish, Seafood, Sell, 30, 3, 10.0, 0, , , Accent: Rainbow Scales, 
Balloon belly magi, Seafood, Sell, 35, 3, 11.7, 0, , , x, 
Banana Tree Pith, Plant, Sell, 375, 13, 28.8, 0, , , x, 
Banded dart frog, Meat, Sell, 75, 5, 15.0, 0, , , x, 
Banded Rattlesnake, Meat, Sell, 24, 2, 12.0, 0, , , x, Arcane Tome
Basslet Lasher, Seafood, Sell, 33, 3, 11.0, 0, , , x, 
Bean beetle, Insect, Sell, 50, 5, 10.0, 0, , , x, 
Black Capped Budgie, Meat, Sell, 45, 4, 11.3, 0, , , x, 
Black Iron Spider, Insect, Sell, 42, 4, 10.5, 0, , , x, 
Black maiden, Seafood, Sell, 30, 3, 10.0, 0, , , Pink wooly coat, 
Black Orpington, Meat, Sell, 50, 5, 10.0, 0, , , x, 
Black tetra, Seafood, Sell, 30, 3, 10.0, 0, , , Journeyman Satchels, 
Blacksaddle wrasse, Seafood, Sell, 41, 4, 10.3, 0, , , x, 
Blackwing croaker leg, Meat, Sell, 42, 4, 10.5, 0, , , Cursed Talonclasp Pendant, 
Blackworm, Insect, Sell, 53, 5, 10.6, 0, , , x, 
Blood acorn, Plant, Sell, 55, 5, 11.0, 0, , , x, 
Bloody Snapdragon, Plant, Sell, 40, 4, 10.0, 0, , , Cloudy Tail Feathers, 
Blooming Pods, Plant, Sell, 21, 2, 10.5, 0, , , x, 
Blow fly, Insect, Sell, 50, 5, 10.0, 0, , , x, 
Blue Jelly, Plant, Sell, 33, 3, 11.0, 0, , , x, 
Blue Parrot Tulip, Plant, Sell, 50, 5, 10.0, 0, , , Gilded decorative chest, 
Blue Swimmer Crab, Seafood, Sell, 30, 3, 10.0, 0, , , x, 
Blue throated budgie, Meat, Sell, 45, 4, 11.3, 0, , , Skin: Gilded Glass, 
Blue-stripe centipede, Insect, Sell, 35, 3, 11.7, 0, , , Sakura Flowerfall, 
Bluebite Rattler, Meat, Sell, 24, 2, 12.0, 0, , , , 
Bluegill, Seafood, Sell, 50, 5, 10.0, 0, , , x, 
Bluespine Slug, Insect, Sell, 33, 3, 11.0, 0, , , x, x
Bluetipped Shellbug, Insect, Sell, 42, 4, 10.5, 0, , , Cloudy Feathered Wings, 
Bobwhite Quai, Meat, Sell, 55, 5, 11.0, 0, , , x, Glowing Blue Clawtips, Glowing Gold Clawtips, Glowing Green Clawtips
Bog canary, Meat, Sell, 45, 4, 11.3, 0, , , Skin: Gilded Glass, 
Boxer Mantis, Insect, Sell, 500, 15, 33.3, 0, , , x, 
Broad-footed mole, Meat, Sell, 50, 5, 10.0, 0, , , x, Lightning Tome
Brown River Recluse, Insect, Sell, 33, 3, 11.0, 0, , , x, 
Canopy Darter, Meat, Sell, 75, 5, 15.0, 0, , , x, 
Canyon Ruffage, Plant, Sell, 53, 3, 17.7, 0, , , Empress Beetle, 
Chalcedony Craylet, Seafood, Sell, 40, 4, 10.0, 0, , , x, 
Chameleon, Meat, Sell, 40, 4, 10.0, 0, , , x, 
Chameleon Seal, Meat, Sell, 30, 3, 10.0, 0, , , x, 
Charcoal hopping mouse, Meat, Sell, 35, 3, 11.7, 0, , , Accent: Scroll of Pells, 
Charged Duneberry, Plant, Sell, 500, 15, 33.3, 0, , , Seaweed Scavenger, 
Chewy tentacle, Seafood, Sell, 42, 4, 10.5, 0, , , x, 
Chickweed, Plant, Sell, 60, 6, 10.0, 0, , , Skin: Angler, 
Cicada, Insect, Sell, 40, 4, 10.0, 0, , , x, 
Cindervine, Plant, Sell, 75, 5, 15.0, 0, , , x, 
Cliffside Milkweed, Plant, Sell, 46, 4, 11.5, 0, , , x, 
Clown Shrimp, Seafood, Sell, 50, 5, 10.0, 0, , , x, x
Common Mosquito, Insect, Sell, 50, 5, 10.0, 0, , , Skin: Depleted Dreams, Water Tome
Common Shellbug, Insect, Sell, 42, 4, 10.5, 0, , , Glamortail Hopper, 
Copperband butterflyfish, Seafood, Sell, 42, 4, 10.5, 0, , , x, 
Coral Dweller, Seafood, Sell, 475, 18, 26.4, 0, , , x, 
Cottontail rabbit, Meat, Sell, 50, 5, 10.0, 0, , , Darksong Haori, 
Cricket, Insect, Sell, 53, 5, 10.6, 0, , , x, 
Crystalplate Wasp, Insect, Sell, 40, 4, 10.0, 0, , , x, 
Daddy Longlegs, Insect, Sell, 21, 2, 10.5, 0, , , x, 
Dark Creeper, Plant, Sell, 75, 5, 15.0, 0, , , , 
Darterbane Leaf Beetle, Insect, Sell, 31, 3, 10.3, 0, , , x, 
Day lilies, Plant, Sell, 45, 4, 11.3, 0, , , x, 
Deepdiver Penguin, Meat, Sell, 300, 10, 30.0, 0, , , x, 
Deeps cucumber, Seafood, Sell, 53, 5, 10.6, 0, , , x, 
Delta Orchid, Plant, Sell, 25, 2, 12.5, 0, , , x, 
Deviant Darter, Seafood, Sell, 45, 4, 11.3, 0, , , x, 
Discus, Seafood, Sell, 100, 9, 11.1, 0, , , x, 
Dodo leg, Meat, Sell, 41, 4, 10.3, 0, , , Gold ore, 
Dodo Wing, Meat, Sell, 41, 4, 10.3, 0, , , x, 
Dogtooth wrasse, Seafood, Sell, 41, 4, 10.3, 0, , , x, 
Dune Vampire, Insect, Sell, 50, 5, 10.0, 0, , , x, 
Dung Beetle, Insect, Sell, 42, 4, 10.5, 0, , , x, 
Dustbowl Ivy, Plant, Sell, 25, 2, 12.5, 0, , , x, 
Eastern Mole, Meat, Sell, 50, 5, 10.0, 0, , , x, 
Eel larvae, Seafood, Sell, 42, 4, 10.5, 0, , , x, 
Emperor Penguin, Meat, Sell, 300, 10, 30.0, 0, , , Skin: Fertility Queen, 
Engorged skytick, Insect, Sell, 41, 4, 10.3, 0, , , x, x
Everglade Hedgehog, Meat, Sell, 31, 3, 10.3, 0, , , x, 
Everglade shortfin, Seafood, Sell, 45, 4, 11.3, 0, , , x, 
Extinguished Bunny, Meat, Sell, 23, 2, 11.5, 0, , , x, 
Eyebiter, Seafood, Sell, 41, 4, 10.3, 0, , , x, 
Fallen Star, Seafood, Sell, 500, 15, 33.3, 0, , , x, 
Firefly, Insect, Sell, 75, 5, 15.0, 0, , , x, 
Flameburst waterstrider, Insect, Sell, 42, 4, 10.5, 0, , , x, 
Flurry Flyer, Insect, Sell, 40, 4, 10.0, 0, , , x, 
Fly, Insect, Sell, 50, 5, 10.0, 0, , , x, 
Flying fish, Seafood, Sell, 53, 5, 10.6, 0, , , x, 
Fogflower, Plant, Sell, 53, 5, 10.6, 0, , , x, x
Fragrant orchid, Plant, Sell, 25, 2, 12.5, 0, , , x, 
Frost whisper, Insect, Sell, 41, 4, 10.3, 0, , , Aqua birdskull armband, Darksteel Earrings of Necromancy, Pearly Earrings of Chemistry, Silver Earrings of Science
Garden Snail, Insect, Sell, 55, 5, 11.0, 0, , , Aqua birdskull headdress, 
Ghostcrab, Seafood, Sell, 30, 3, 10.0, 0, , , x, x
Giant Desert Centipede, Insect, Sell, 24, 2, 12.0, 0, , , Aqua birdskull legband, 
Glowbug, Insect, Sell, 75, 5, 15.0, 0, , , Aqua birdskull necklace, 
Glowslug, Insect, Sell, 53, 5, 10.6, 0, , , Aqua birdskull wingpiece, 
Gold Fly, Insect, Sell, 50, 5, 10.0, 0, , , x, 
Golden Coa Moth, Insect, Sell, 35, 3, 11.7, 0, , , x, White Plague Doctor Mask
Golden Milkweed, Plant, Sell, 46, 4, 11.5, 0, , , x, 
Golden rainbow trout, Seafood, Sell, 60, 6, 10.0, 0, , , x, 
Granny smith apple, Plant, Sell, 50, 5, 10.0, 0, , , x, 
Greater Plantain, Plant, Sell, 61, 6, 10.2, 0, , , x, 
Green Jelly, Meat, Sell, 33, 3, 11.0, 0, , , Accent: Seeing Spots, 
Greenpod bloom, Plant, Sell, 42, 4, 10.5, 0, , , x, 
Greenworm, Insect, Sell, 53, 5, 10.6, 0, , , x, 
Grey River Jumper, Insect, Sell, 33, 3, 11.0, 0, , , x, 
Greyback sparrow, Meat, Sell, 41, 4, 10.3, 0, , , x, 
Grouse, Meat, Sell, 21, 2, 10.5, 0, , , x, 
Harvestman, Insect, Sell, 21, 2, 10.5, 0, , , x, Gray Plague Doctor Mask
Heartred croaker leg, Meat, Sell, 42, 4, 10.5, 0, , , Mystic Bark Mask, 
Honeycrisp apple, Plant, Sell, 50, 5, 10.0, 0, , , x, Black Protective Eyewear
Hooded Hen, Meat, Sell, 50, 5, 10.0, 0, , , x, 
Hooded Skunk, Meat, Sell, 53, 5, 10.6, 0, , , Cloudy Feathered Wings, 
Hypnotic Scallop, Seafood, Sell, 30, 3, 10.0, 0, , , x, 
Ivy, Plant, Sell, 75, 5, 15.0, 0, , , x, 
Jumbo shrimp, Seafood, Sell, 50, 5, 10.0, 0, , , x, 
Jungle lilies, Plant, Sell, 45, 4, 11.3, 0, , , x, 
Jungle Pith, Plant, Sell, 375, 13, 28.8, 0, , , x, Empathic Regeneration
Lady bug, Insect, Sell, 50, 5, 10.0, 0, , , Skin: Fertility Queen, 
Lagoon guppy, Seafood, Sell, 30, 3, 10.0, 0, , , x, 
Lakebottom flounder, Seafood, Sell, 40, 4, 10.0, 0, , , Swallowtail buttersnake, 
Lava strider, Insect, Sell, 45, 4, 11.3, 0, , , Aqua birdskull headdress, Fire Tome
Lava Strider, Insect, Sell, 45, 4, 11.3, 0, , , x, x
Leaf insect, Insect, Sell, 40, 4, 10.0, 0, , , x, x
Living stones, Plant, Sell, 40, 4, 10.0, 0, , , x, 
Luminous Almonds, Plant, Sell, 42, 4, 10.5, 0, , , x, 
Luminous shortfin, Seafood, Sell, 45, 4, 11.3, 0, , , x, 
Maple seed, Plant, Sell, 41, 4, 10.3, 0, , , x, 
Marsh rabbit, Meat, Sell, 50, 5, 10.0, 0, , , x, x
Marsh stalker, Seafood, Sell, 42, 4, 10.5, 0, , , x, 
Micro Goat, Meat, Sell, 37, 3, 12.3, 0, , , x, 
Miniature potash peach, Plant, Sell, 23, 2, 11.5, 0, , , x, 
Mistral Beetle, Insect, Sell, 42, 4, 10.5, 0, , , Sunsong Haori, 
Molten goby, Seafood, Sell, 45, 4, 11.3, 0, , , Autumn Sea Dragon, Nature Tome
Moonlight strider, Insect, Sell, 45, 4, 11.3, 0, , , x, 
Morning star, Seafood, Sell, 500, 15, 33.3, 0, , , x, x
Mud turtle, Meat, Sell, 53, 5, 10.6, 0, , , x, 
Nogglebane Leaf Beetle, Insect, Sell, 32, 3, 10.7, 0, , , x, 
Nogglet, Seafood, Sell, 33, 3, 11.0, 0, , , x, 
Oasis songbird, Meat, Sell, 45, 4, 11.3, 0, , , x, Earth Tome
Old World Rabbit, Meat, Sell, 50, 5, 10.0, 0, , , x, Wind Tome
Omen Seeker, Meat, Sell, 41, 4, 10.3, 0, , , x, 
Pastel Scallop, Seafood, Sell, 30, 3, 10.0, 0, , , x, 
Pigeon Blood Discus, Seafood, Sell, 100, 9, 11.1, 0, , , x, 
Pincushion urchin, Seafood, Sell, 75, 5, 15.0, 0, , , x, 
Pinwheel Paddies, Plant, Sell, 45, 4, 11.3, 0, , , x, Silverglow Meditate
Pinwheel paddies, Plant, Sell, 45, 4, 11.3, 0, , , x, 
Plantain Poacher, Meat, Sell, 62, 6, 10.3, 0, , , x, 
Pleco, Seafood, Sell, 24, 2, 12.0, 0, , , , 
Potash peach, Plant, Sell, 500, 15, 33.3, 0, , , Venomscale greaves, 
Potato Onion, Plant, Sell, 55, 5, 11.0, 0, , , Fallout streak, 
Pumpkinseed Sunfish, Seafood, Sell, 50, 5, 10.0, 0, , , x, Empathic Regeneration
Rainbow Mussels, Seafood, Sell, 32, 3, 10.7, 0, , , Bloodstone Beetle, 
Red emperor tulip, Plant, Sell, 50, 5, 10.0, 0, , , Bloodstone Beetle, Alchemist Eyewear
Red-Crested Tweeter, Meat, Sell, 42, 4, 10.5, 0, , , x, 
Redblood sapper, Plant, Sell, 42, 4, 10.5, 0, , , x, 
Redstreaked frilled eel, Seafood, Sell, 42, 4, 10.5, 0, , , Colorburst buttersnake, 
Redwing Hopper, Insect, Sell, 53, 5, 10.6, 0, , , Snowsquall Floracat, 
Redworm, Insect, Sell, 53, 5, 10.6, 0, , , x, Earth Tome
Reedcleft sparkler, Insect, Sell, 75, 5, 15.0, 0, , , x, x
Reedhopper, Meat, Sell, 75, 5, 15.0, 0, , , x, 
Renegade Dartling, Seafood, Sell, 41, 4, 10.3, 0, , , x, 
River Warden, Meat, Sell, 75, 5, 15.0, 0, , , x, 
River Wiggler, Seafood, Sell, 21, 2, 10.5, 0, , , x, x
Rolling Scarab, Insect, Sell, 42, 4, 10.5, 0, , , x, 
Rotala, Plant, Sell, 42, 4, 10.5, 0, , , x, 
Ruby tetras, Seafood, Sell, 30, 3, 10.0, 0, , , Pink wooly tail, 
Salt-Marsh Mosquito, Insect, Sell, 50, 5, 10.0, 0, , , x, 
Sandstrike Hedgehog, Meat, Sell, 31, 3, 10.3, 0, , , Accent: Scroll of Pells, 
Sandyshore Sea Bass, Seafood, Sell, 400, 15, 26.7, 0, , , x, 
Scaleskin Marlin, Seafood, Sell, 30, 3, 10.0, 0, , , x, 
Scarlet Mussels, Seafood, Sell, 33, 3, 11.0, 0, , , x, 
Sea Bass, Seafood, Sell, 400, 15, 26.7, 0, , , x, 
Sea sparrow, Seafood, Sell, 53, 5, 10.6, 0, , , Crimson Fillet, 
Searing Bunny, Meat, Sell, 23, 2, 11.5, 0, , , x, 
Seashore Digger, Seafood, Sell, 30, 3, 10.0, 0, , , x, 
Serpae tetras, Seafood, Sell, 30, 3, 10.0, 0, , , x, 
Shrew, Meat, Sell, 50, 5, 10.0, 0, , , x, x
Sicklemaw Gar, Seafood, Sell, 42, 4, 10.5, 0, , , x, 
Silver guppy, Seafood, Sell, 30, 3, 10.0, 0, , , x, 
Silver-Laced Rooster, Meat, Sell, 60, 6, 10.0, 0, , , Crimson wing silks, 
Silverside tetras, Seafood, Sell, 30, 3, 10.0, 0, , , x, 
Silvery Ivy, Plant, Sell, 35, 3, 11.7, 0, , , x, 
Skunk, Meat, Sell, 53, 5, 10.6, 0, , , Accent: Pauper Rainbow, Ice Tome
Smallhead flying fish, Seafood, Sell, 53, 5, 10.6, 0, , , Accent: Pauper Rainbow, 
Snapping turtle, Meat, Sell, 53, 5, 10.6, 0, , , x, 
Snowflake urchin, Seafood, Sell, 75, 5, 15.0, 0, , , x, 
Snowshoe rabbit, Meat, Sell, 50, 5, 10.0, 0, , , x, Great Blue Waveskimmer
Songbird Mimic, Insect, Sell, 23, 2, 11.5, 0, , , x, 
Sour Green Apple, Plant, Sell, 50, 5, 10.0, 0, , , x, 
Sour spinach, Plant, Sell, 53, 5, 10.6, 0, , , x, Plumed Anticipate
Southern gull, Meat, Sell, 42, 4, 10.5, 0, , , x, 
Sparkling Wasp, Insect, Sell, 40, 4, 10.0, 0, , , Accent: Wavepun Ivy, Wind Tome
Spinach, Plant, Sell, 53, 5, 10.6, 0, , , x, 
Spineback Slug, Seafood, Sell, 33, 3, 11.0, 0, , , x, 
Spotted skunk, Meat, Sell, 53, 5, 10.6, 0, , , x, 
Spotted Stingray, Seafood, Sell, 475, 18, 26.4, 0, , , Raven Sylvan Bracelets, x
Spurred dodo leg, Meat, Sell, 41, 4, 10.3, 0, , , White and gold flair scarf, 
Squall seeker, Meat, Sell, 25, 2, 12.5, 0, , , White and Gold Flair Scarf, 
Star-nosed mole, Meat, Sell, 50, 5, 10.0, 0, , , x, 
Steppes box turtle, Meat, Sell, 53, 5, 10.6, 0, , , Crimson silk scarf, 
Steppes pincher, Seafood, Sell, 30, 3, 10.0, 0, , , x, 
Striped Earwig, Insect, Sell, 61, 6, 10.2, 0, , , x, 
Striped Seal, Meat, Sell, 30, 3, 10.0, 0, , , White and gold flair scarf, 
Sunbeam Rotala, Plant, Sell, 42, 4, 10.5, 0, , , x, 
Sunfish, Seafood, Sell, 50, 5, 10.0, 0, , , x, 
Sunspot sparrow, Meat, Sell, 41, 4, 10.3, 0, , , Black-wing hummingbird, 
Swamp Mosquito, Insect, Sell, 50, 5, 10.0, 0, , , x, 
Swordfish, Seafood, Sell, 30, 3, 10.0, 0, , , x, 
Tachinid fly, Insect, Sell, 50, 5, 10.0, 0, , , x, 
Tendrilback Caterpillar, Insect, Sell, 350, 12, 29.2, 0, , , x, 
Thistle, Plant, Sell, 53, 5, 10.6, 0, , , x, 
Tiger Beetle, Insect, Sell, 30, 3, 10.0, 0, , , x, 
Tiger Shrimp, Seafood, Sell, 50, 5, 10.0, 0, , , x, 
Topaz guppy, Seafood, Sell, 30, 3, 10.0, 0, , , x, 
Tracker Runt, Meat, Sell, 42, 4, 10.5, 0, , , Winter Wolf Cape, 
Tuxedo Urchin, Seafood, Sell, 75, 5, 15.0, 0, , , x, 
Two-tone Brown Beetle, Insect, Sell, 50, 5, 10.0, 0, , , x, 
Umbral Sea Wight, Seafood, Sell, 55, 5, 11.0, 0, , , Aqua birdskull legband, 
Vampire Eel, Seafood, Sell, 21, 2, 10.5, 0, , , x, Amberwing Waveskimmer
Vegetable Oil, Plant, Sell, 400, 20, 20.0, 0, , , Accent: Energy Trap, 
Warmouth, Seafood, Sell, 50, 5, 10.0, 0, , , x, 
Wartoad Trainee, Meat, Sell, 450, 17, 26.5, 0, , , x, 
Water bug, Insect, Sell, 45, 4, 11.3, 0, , , x, 
Water lilies, Plant, Sell, 45, 4, 11.3, 0, , , x, 
Water Strider, Insect, Sell, 45, 4, 11.3, 0, , , x, x
Watermelon, Plant, Sell, 42, 4, 10.5, 0, , , x, 
Wave Sentinel, Insect, Sell, 30, 3, 10.0, 0, , , x, 
Wave Skipper, Seafood, Sell, 53, 5, 10.6, 0, , , x, 
Wendigo Haunch, Meat, Sell, 41, 4, 10.3, 0, , , x, 
Wetland ghost, Seafood, Sell, 50, 5, 10.0, 0, , , x, 
White Lipped Snail, Insect, Sell, 55, 5, 11.0, 0, , , x, 
White Reaches Crab, Seafood, Sell, 30, 3, 10.0, 0, , , Fallout streak, 
Wild Green Discus, Seafood, Sell, 100, 9, 11.1, 0, , , x, 
Wild Mustard, Plant, Sell, 50, 5, 10.0, 0, , , x, 
Yellow-Frilled Eel, Seafood, Sell, 42, 4, 10.5, 0, , , x, 
Zebra Cricket, Insect, Sell, 23, 2, 11.5, 0, , , x, 
, Meat, Sell, 24, 2, 12.0, 0, , ,  , 
, Seafood, Sell, 42, 4, 10.5, 0, , , x, 
Salt, Material, Save 99, 15, 0, N/A, 99, Yes, , x, 
Amethyst striker, Apparel, Save 90, 55, 7, 7.9, 90, Yes, , x, 
Emerald striker, Meat, Save 90, 55, 7, 7.9, 90, Yes, , x, 
Onyx cobra, Meat, Save 90, 55, 7, 7.9, 90, Yes, , x, 
Opal cobra, Meat, Save 90, 55, 7, 7.9, 90, Yes, , x, 
Rasa Pottery Fragement, Other, Save 90, 43, 0, N/A, 90, Yes, , x, 
Sparrow skull, Material, Save 90, 15, 0, N/A, 90, Yes, , x, 
Sparrow skull, Material, Save 90, 15, 0, N/A, 90, Yes, , x, 
Broken Bottle, Other, Save 9, 20, 0, N/A, 9, Yes, , x, 
Intact Parchment, Material, Save 85, 15, 0, N/A, 85, Yes, , x, 
Reflective Fish Scales, Material, Save 85, 35, 0, N/A, 85, Yes, , Crimson silk sash, 
Fallout Whisper, Insect, Save 80, 41, 4, 10.25, 80, Yes, , x, 
Fragile Antler, Material, Save 80, 21, 0, N/A, 80, Yes, , x, 
Igneous Flow, Material, Save 80, 80, 0, N/A, 80, Yes, , x, 
Lead ore, Material, Save 80, 55, 0, N/A, 80, Yes, , Accent: Rainbow Scales, 
Sand, Material, Save 80, 15, 0, N/A, 80, Yes, , x, 
Sparrow skull, Material, Save 80, 15, 0, N/A, 80, Yes, , Winter Wolf Cape, 
Sparrow skull, Material, Save 80, 15, 0, N/A, 80, Yes, , x, x
Wispy Foxtail, Material, Save 80, 30, 0, N/A, 80, Yes, , x, 
Vibrant prickly insect, Insect, Save 8, 70, 8, 8.8, 8, Yes, , x, x
Butterflyfish, Seafood, Save 75, 43, 5, 8.6, 75, Yes, , x, 
Crackled scales, Material, Save 75, 55, 0, N/A, 75, Yes, , Diamond Talonclasp Pendant, x
Molted scales, Material, Save 75, 55, 0, N/A, 75, Yes, , x, 
Olive sea snake, Meat, Save 75, 25, 3, 8.3, 75, Yes, , x, Irradiated Scratch
Ornate Porcelain Jar, Other, Save 75, 75, 0, N/A, 75, Yes, , x, Water Tome
Sacridite, Material, Save 75, 82, 0, N/A, 75, Yes, , x, 
Tin ore, Material, Save 75, 55, 0, N/A, 75, Yes, , x, 
Birch Logs, Material, Save 70, 25, 0, N/A, 70, Yes, , x, 
Celestial horn, Material, Save 70, 36, 0, N/A, 70, Yes, , x, 
Cindershroom, Plant, Save 70, 20, 2, 10.0, 70, Yes, , x, 
Dusk Jadevine, Plant, Save 70, 55, 7, 7.9, 70, Yes, , x, 
Vampiric Featherflea, Insect, Save 70, 41, 4, 10.25, 70, Yes, , x, 
Wasteland pauper, Insect, Save 70, 25, 3, 8.3, 70, Yes, , Crimson Leg Silks, 
Wasteland Pauper, Insect, Save 70, 25, 2, 12.5, 70, Yes, , x, 
White Cabbage Butterfly, Insect, Save 70, 25, 3, 8.33, 70, Yes, , x, x
Harlequin ladybug, Insect, Save 65, 25, 3, 8.3, 65, Yes, , x, 
Manaweed, Plant, Save 65, 20, 2, 10.0, 65, Yes, , x, 
White cabbage butterfly, Insect, Save 65, 25, 3, 8.3, 65, Yes, , x, 
White Cabbage Butterfly, Insect, Save 65, 25, 3, 8.33, 65, Yes, , x, 
Chipped Blackened Legbones, Material, Save 60, 55, 0, N/A, 60, Yes, , Maned cobra, 
Ermine, Meat, Save 60, 62, 7, 8.9, 60, Yes, , Maned cobra, 
Ferret, Meat, Save 60, 62, 7, 8.9, 60, Yes, , Sunsong Haori, 
Fire Ant, Insect, Save 60, 15, 2, 7.5, 60, Yes, , x, 
Herdbeast hoof, Meat, Save 60, 15, 4, 3.8, 60, Yes, , x, 
Maidens Blush, Plant, Save 60, 60, 6, 10.0, 60, Yes, , x, Ice Tome
Runed Tuft of Fur, Material, Save 60, 25, 0, N/A, 60, Yes, , x, 
Sea Scorpion Fossil, Other, Save 60, 60, 0, N/A, 60, Yes, , x, x
White linen fabric scrap, Material, Save 60, 79, 0, N/A, 60, Yes, , x, 
Smooth Pebbles, Material, Save 55, 30, 0, N/A, 55, Yes, , x, 
Aquatic Relic, Other, Save 50, 51, 0, N/A, 50, Yes, , x, 
Aviar Fragment, Other, Save 50, 46, 0, N/A, 50, Yes, , x, Amberwing Waveskimmer
Battered gauntlet, Other, Save 50, 35, 0, N/A, 50, Yes, , Emerald green satin tunic, 
Bluelipped Thresh, Plant, Save 50, 30, 3, 10.0, 50, Yes, , Venomscale tail guard, 
Bluemoon Dartling, Seafood, Save 50, 41, 4, 10.3, 50, Yes, , x, 
Brawler gauntlet, Other, Save 50, 35, 0, N/A, 50, Yes, , x, 
Cedar logs, Material, Save 50, 25, 0, N/A, 50, Yes, , x, 
Chimera relic, Other, Save 50, 35, 0, N/A, 50, Yes, , x, 
Crowntail wanderer, Seafood, Save 50, 29, 3, 9.7, 50, Yes, , x, 
Gradish, Plant, Save 50, 55, 6, 9.2, 50, Yes, , Venomscale shoulder guards, 
Gypsum, Material, Save 50, 69, 0, N/A, 50, Yes, , Crimson silk veil, 
Lyretail puffer, Seafood, Save 50, 35, 3, 11.7, 50, Yes, , Runic bat, 
Muckbottom shell, Material, Save 50, 42, 0, N/A, 50, Yes, , x, 
Nightsky fuiran hide, Material, Save 50, 26, 0, N/A, 50, Yes, , x, 
Red linen fabric scrap, Material, Save 50, 79, 0, N/A, 50, Yes, , x, 
Reflective Fish Scales, Material, Save 50, 35, 0, N/A, 50, Yes, , x, 
Sparrow skull, Material, Save 50, 15, 0, N/A, 50, Yes, , Swallowtail Buttersnake, 
Spotted grasshopper, Insect, Save 50, 58, 0, N/A, 50, Yes, , x, x
Stone Fertility Statue, Material, Save 50, 65, 0, N/A, 50, Yes, , x, 
Stonewatch scrub, Plant, Save 50, 36, 4, 9.0, 50, Yes, , Venomscale shoulder guards, Coarse Alchemical Reduction
Aged Tome, Material, Save 5, 70, 0, N/A, 5, , , Accent: Mana Relic, x
Ancestral Incense, Material, Save 5, 75, 0, N/A, 5, Yes, , Accent: Mana Relic, 
Battered Book of Fables, Material, Save 5, 70, 0, N/A, 5, , , Gold Satin Tunic, 
Battered Book of Fables, Material, Save 5, 70, 0, N/A, 5, , , Pink wooly antennae, 
Broken Bottle, Other, Save 5, 20, 0, N/A, 5, , , x, 
Broken Bottle, Other, Save 5, 20, 0, N/A, 5, , , x, 
Broken Bottle, Other, Save 5, 20, 0, N/A, 5, , , x, 
Broken Bottle, Other, Save 5, 20, 0, N/A, 5, , , x, 
Broken Bottle, Other, Save 5, 20, 0, N/A, 5, , , x, 
Broken Bottle, Other, Save 5, 20, 0, N/A, 5, , , x, 
Coral Basilisk Field Notes, Material, Save 5, 23, 0, N/A, 5, , , x, 
Fancy Silver-Plated Buckle, Material, Save 5, 60, 0, N/A, 5, , , x, 
Forest Field Guide, Material, Save 5, 70, 0, N/A, 5, , , Tricolor Yapper, 
Forest Field Guide, Material, Save 5, 70, 0, N/A, 5, , , x, 
Gold ore, Material, Save 5, 250, 0, N/A, 5, Yes, , x, 
Grouse Basilisk Field Notes, Material, Save 5, 22, 0, N/A, 5, , , x, 
Grouse Basilisk Field Notes, Material, Save 5, 22, 0, N/A, 5, , , x, 
Olympia oyster, Seafood, Save 5, 62, 7, 8.9, 5, , , x, 
Owlcat Journal, Other, Save 5, 24, 0, N/A, 5, , , Journeyman Satchels, 
Owlcat Journal, Other, Save 5, 24, 0, N/A, 5, , , x, 
Royal Oyster, Seafood, Save 5, 62, 7, 8.9, 5, , , Venomscale greaves, Light Tome
Silver ore, Material, Save 5, 60, 0, N/A, 5, Yes, , x, 
Weird Purple Skink, Meat, Save 5, 100, 9, 11.1, 5, , , x, 
Bee Orchid, Plant, Save 45, 30, 3, 10.0, 45, Yes, , x, 
Common Podid Claws, Material, Save 45, 45, 0, N/A, 45, , , Pink wooly coat, 
Forgotten Poet's Tools, Other, Save 45, 80, 0, N/A, 45, Yes, , Crimson silk sash, 
Giant Swallowtail Caterpillar, Insect, Save 45, 30, 3, 10.0, 45, Yes, , Strange Chest, 
Kamaitachi Blades, Other, Save 45, 50, 0, N/A, 45, Yes, , x, 
Southmarsh Podid Claws, Material, Save 45, 50, 0, N/A, 45, , , x, 
Ancient Fungus Spores, Material, Save 40, 28, 0, N/A, 40, Yes, , x, 
Clown Charger Fin, Other, Save 40, 23, 0, N/A, 40, Yes, , x, 
Fire flower, Plant, Save 40, 42, 4, 10.5, 40, Yes, , x, 
Ice crystal, Material, Save 40, 35, 0, N/A, 40, Yes, , x, Brown Plague Doctor Mask
Micro Deer, Meat, Save 40, 15, 2, 7.5, 40, Yes, , x, 
Rose quartz, Material, Save 40, 70, 0, N/A, 40, Yes, , x, x
Stonewatch flatblade, Plant, Save 40, 39, 4, 9.8, 40, Yes, , x, 
Umbral Catfish, Seafood, Save 40, 23, 2, 11.5, 40, Yes, , x, 
Blushing Pink Rose, Insect, Save 4, 750, 0, N/A, 4, Yes, , x, 
Broken Bottle, Other, Save 4, 20, 0, N/A, 4, , , x, 
Platinum Ore, Material, Save 4, 1000, 0, N/A, 4, Yes, , x, 
Algaestrider, Insect, Save 35, 43, 5, 8.6, 35, Yes, , Pink wooly antennae, Poison
Apatite, Material, Save 35, 45, 0, N/A, 35, Yes, , x, x
Chrysoberyl, Material, Save 35, 45, 0, N/A, 35, Yes, , x, x
Hallowed ivy, Plant, Save 35, 35, 4, 8.8, 35, Yes, , x, 
Seeker Orb, Material, Save 35, 30, 0, N/A, 35, Yes, , Sunsong Facemask, 
Bloodstone, Material, Save 30, 45, 0, N/A, 30, Yes, , x, 
Carved Harpy Mask, Other, Save 30, 47, 0, N/A, 30, Yes, , x, 
Crowntail surgling, Seafood, Save 30, 27, 3, 9.0, 30, Yes, , x, x
Deepwater Constructor, Seafood, Save 30, 42, 4, 10.5, 30, Yes, , x, 
Elk ear, Meat, Save 30, 38, 4, 9.5, 30, , , x, Copper Cuffs of Transmutation, Pearly Cuffs of Chemistry, Silver Cuffs of Science
Emerald, Material, Save 30, 45, 0, N/A, 30, Yes, , x, 
Honeycomb fragment, Plant, Save 30, 18, 2, 9.0, 30, Yes, , Raven Sylvan Headpiece, 
Mistral Glove, Material, Save 30, 51, 0, N/A, 30, , , x, 
Scalescarab, Insect, Save 30, 25, 2, 12.5, 30, Yes, , x, 
Scroll Case, Other, Save 30, 30, 0, N/A, 30, Yes, , x, 
Sentinel Fish, Seafood, Save 30, 43, 4, 10.8, 30, Yes, , x, 
Spellbound Glove, Material, Save 30, 53, 0, N/A, 30, , , x, x
Toxindiver, Insect, Save 30, 25, 2, 12.5, 30, Yes, , Venomscale tail guard, 
Toxindiver, Insect, Save 30, 25, 2, 12.5, 30, Yes, , x, 
Tundra Cactus, Plant, Save 30, 25, 3, 8.3, 30, Yes, , x, 
Wavespun Cloth, Material, Save 30, 53, 0, N/A, 30, Yes, , x, x
Diamond Ring, Other, Save 3, 125, 0, N/A, 3, Yes, , x, 
Gold ore, Material, Save 3, 250, 0, N/A, 3, Yes, , x, 
Ruby Ring, Other, Save 3, 125, 0, N/A, 3, Yes, , Radioactive slime, 
Rusted treasure chest, Other, Save 3, 0, 0, N/A, 3, Yes, , Sunsong Facemask, 
Smoky Quartz, Material, Save 3, 70, 0, N/A, 3, , , Perching java sparrow, 
Black Tulip, Plant, Save 250, 50, 5, 10.0, 250, Yes, , Venomscale bracers, 
Bone fragments, Material, Save 250, 15, 0, N/A, 250, Yes, , x, 
Amber-trapped mosquito, Other, Save 25, 40, 0, N/A, 25, Yes, , Accent: Widower, 
Banded Sardonyx, Material, Save 25, 120, 0, N/A, 25, Yes, , x, 
Flametail Loach, Seafood, Save 25, 42, 4, 10.5, 25, Yes, , x, 
Jar of slime, Material, Save 25, 50, 0, N/A, 25, Yes, , Accent: Research Notes, 
Jasper, Material, Save 25, 120, 0, N/A, 25, Yes, , x, 
Nymph, Insect, Save 25, 20, 2, 10, 25, Yes, , Silver ore, 
Java sparrow, Meat, Save 200, 15, 2, 7.5, 200, Yes, , Snowsquall Floracat, 
Nightwing bat, Meat, Save 200, 20, 2, 10.0, 200, Yes, , x, 
Amber-trapped Fly, Other, Save 20, 40, 0, N/A, 20, Yes, , Accent: Widower, 
Carnaval tulip, Plant, Save 20, 50, 5, 10.0, 20, Yes, , x, 
Copper ore, Material, Save 20, 15, 0, N/A, 20, Yes, , Darksong Face Mask, x
Crimson jadevine, Plant, Save 20, 55, 7, 7.9, 20, Yes, , x, Prismatic Meditate, Silverglow Meditate
Depleted Sacridite, Material, Save 20, 72, 0, N/A, 20, Yes, , x, 
Haunted Stone Orb, Other, Save 20, 75, 0, N/A, 20, Yes, , Tawny Antlers, 
Iron ore, Material, Save 20, 15, 0, N/A, 20, Yes, , x, 
Powerful Serthis Poison, Other, Save 20, 26, 0, N/A, 20, , , x, 
Sea Fae, Seafood, Save 20, 55, 5, 11.0, 20, Yes, , x, 
Snowfall Elk Ear, Meat, Save 20, 38, 4, 9.5, 20, , , Skin: Amber-Trapped Fae, 
Sunset Sea Dragon, Seafood, Save 20, 55, 5, 11.0, 20, Yes, , x, 
Tiny feathers, Material, Save 20, 25, 0, N/A, 20, Yes, , x, 
True rainbow trout, Seafood, Save 20, 60, 6, 10.0, 20, Yes, , x, 
Unstable Serthis Concoction, Other, Save 20, 26, 0, N/A, 20, , , x, Darksteel Amulet of Necromancy, Pearly Amulet of Chemistry
Used Cartography Ink, Other, Save 20, 80, 0, N/A, 20, Yes, , x, 
Emerald Webwing, Familiar, Save 2, 1525, 0, N/A, 2, Yes, , x, 
Enamor, Battle Item, Save 2, 500, 0, N/A, 2, Yes, , x, x
Fossilize, Battle Item, Save 2, 600, 0, N/A, 2, Yes, , x, 
Gold ore, Material, Save 2, 250, 0, N/A, 2, Yes, , x, 
Light runestone, Material, Save 2, 110, 0, N/A, 2, Yes, , x, 
Meditate, Battle Item, Save 2, 25, , N/A, 2, , , Skin: Blue Mineral, 
Plague runestone, Material, Save 2, 110, 0, N/A, 2, Yes, , x, 
Rainbow Sprite, Familiar, Save 2, 2425, 0, N/A, 2, Yes, , Accent: Wavespun Ivy, x
Shadow Runestone, Material, Save 2, 110, 0, N/A, 2, Yes, , x, 
Silver Ore, Material, Save 2, 60, 0, N/A, 2, , , x, 
Duskrat, Meat, Save 175, 20, 2, 10.0, 175, Yes, , x, 
Nickel ore, Material, Save 175, 15, 0, N/A, 175, Yes, , x, x
White pawn, Other, Save 175, 25, 0, N/A, 175, Yes, , x, 
White-Eared Hummingbird, Meat, Save 175, 25, 3, 8.3, 175, Yes, , x, 
Driftwood branch, Material, Save 165, 15, 0, N/A, 165, Yes, , x, 
Crumbling Leather, Material, Save 150, 15, 0, N/A, 150, Yes, , x, 
Mangled Textile, Material, Save 150, 15, 0, N/A, 150, Yes, , x, 
Moth-Eaten Rug, Material, Save 150, 15, 0, N/A, 150, Yes, , x, x
Winter Wolf Pelt, Material, Save 150, 40, 0, N/A, 150, Yes, , x, 
Frozen Rock Flow, Material, Save 15, 80, 0, N/A, 15, Yes, , x, x
Coral snake, Meat, Save 125, 25, 3, 8.3, 125, Yes, , x, 
Sunkernel, Plant, Save 125, 55, 5, 11.0, 125, Yes, , x, 
Cinnamon, Plant, Save 12, 58, 5, 11.6, 12, , , Crimson wing silks, 
Green Shoots, Plant, Save 12, 58, 5, 11.6, 12, , , x, 
Driftwood log, Material, Save 115, 25, 0, N/A, 115, Yes, , x, 
Canopic Jar, Other, Save 100, 72, 0, N/A, 100, Yes, , x, 
Colbalt Ore, Material, Save 100, 55, 0, N/A, 100, Yes, , x, 
Iron ore, Material, Save 100, 15, 0, N/A, 100, Yes, , Autumnal wreath, 
Moldy Leather, Material, Save 100, 15, 0, N/A, 100, Yes, , Gilded decorative chest, Lightning Tome
Rotting leather, Material, Save 100, 15, 0, N/A, 100, Yes, , Platinum ore, 
Sand creeper, Plant, Save 100, 75, 5, 15.0, 100, Yes, , x, 
Squirrel skull, Material, Save 100, 15, 0, N/A, 100, Yes, , x, 
Crumbling Relief, Other, Save 10, 25, 0, N/A, 10, , , x, 
Fever fly, Seafood, Save 10, 62, 7, 8.9, 10, , , x, 
Green-throated Skink, Meat, Save 10, 100, 9, 11.1, 10, , , x, 
Horse Fly, Insect, Save 10, 62, 7, 8.9, 10, , , x, x
Iron Belt Buckle, Material, Save 10, 60, 0, N/A, 10, , , x, 
Juvenile Prairie Skink, Meat, Save 10, 100, 9, 11.1, 10, , , x, 
Mender's Healing Staff, Other, Save 10, 40, 0, N/A, 10, , , x, 
Rusted Iron Belt Buckle, Material, Save 10, 60, 0, N/A, 10, , , x, x
Shining Feather Cluster, Material, Save 10, 46, 0, N/A, 10, , , x, 
Venomous Fly, Insect, Save 10, 62, 7, 8.9, 10, , , x, x
Amaranth Moth, Apparel, Save 1, 1500, 0, N/A, 1, Yes, , x, x
Earth Runestone, Material, Save 1, 110, 0, N/A, 1, , , x, 
Fire Runestone, Material, Save 1, 110, 0, N/A, 1, , , Cinderkelp Loach, 
Ice Runestone, Material, Save 1, 110, 0, N/A, 1, , , x, 
Leafy moth, Familiar, Save 1, 1600, 0, N/A, 1, Yes, , x, x
Light Runestone, Material, Save 1, 110, 0, N/A, 1, , , x, 
Lightning Runestone, Material, Save 1, 110, 0, N/A, 1, , , x, 
Luna mith, Familiar, Save 1, 1500, 0, N/A, 1, Yes, , x, x
Mana thief, Insect, Save 1, 75, 5, 15.0, 1, Yes, , x, 
Mana Thief, Insect, Save 1, 75, 5, 15, 1, Yes, , x, 
Nature Runestone, Material, Save 1, 110, 0, N/A, 1, , , x, 
Plague Runestone, Material, Save 1, 110, 0, N/A, 1, , , Accent: Research Notes, 
Sakura Owl, Familiar, Save 1, 1675, 0, N/A, 1, Yes, , x, 
Shadow Runestone, Material, Save 1, 110, 0, N/A, 1, , , x, Toxin
Steam Gyre, Familiar, Save 1, 180, 0, N/A, 1, Yes, , x, 
Water Runestone, Material, Save 1, 110, 0, N/A, 1, , , x, 
Wind Runestone, Material, Save 1, 110, 0, N/A, 1, , , x, 
, Insect, Save 1, 600, 0, N/A, 1, , , Accent: Energy Trap, Great Blue Waveskimmer
, Material, Save 1, 110, 0, N/A, 1, , , x, 
, Plant, Save 1, 500, 0, N/A, 1, Yes, , Skin: Blue mineral, 
Albino Dasher, Insect, Food, 25, 3, 8.3, 0, , , x, 
Amaranth, Plant, Food, 50, 6, 8.3, 0, , , x, 
Amelanistic Racer, Meat, Food, 25, 3, 8.3, 0, , , x, 
Ancient Mushroom, Plant, Food, 25, 3, 8.3, 0, , , x, 
Arctic scrub, Plant, Food, 25, 3, 8.3, 0, , , Black Tulip Flowerfall, 
Ashfall prickler, Plant, Food, 25, 3, 8.3, 0, , , x, 
Balsas anole, Meat, Food, 15, 2, 7.5, 0, , , x, 
Bamboo Shrimp, Seafood, Food, 38, 4, 9.5, 0, , , x, 
Barbed Tail, Insect, Food, 25, 3, 8.3, 0, , , x, 
Bark Centipede, Insect, Food, 25, 3, 8.3, 0, , , x, 
Berry and Nut Trail Bar, Plant, Food, 39, 4, 9.8, 0, , , x, x
Bicolor Petunia, Plant, Food, 43, 5, 8.6, 0, , , x, 
Black Capped Chickadee, Meat, Food, 15, 2, 7.5, 0, , , Bloodstone Beetle, 
Black Masked Lovebird, Meat, Food, 38, 4, 9.5, 0, , , x, 
Black squirrel, Meat, Food, 25, 3, 8.3, 0, , , x, 
Black witch, Insect, Food, 25, 3, 8.3, 0, , , x, 
Black-lipped wolfsbane, Plant, Food, 38, 4, 9.5, 0, , , x, Irradiated Scratch
Blackberry, Plant, Food, 25, 3, 8.3, 0, , , x, 
Blue Dragon Seaslug, Seafood, Food, 63, 7, 9.0, 0, , , x, 
Blue Entoloma, Plant, Food, 25, 3, 8.3, 0, , , x, 
Blue Honeycomb, Plant, Food, 18, 2, 9.0, 0, , , x, 
Blue Racer, Meat, Food, 26, 3, 8.7, 0, , , x, 
Blue Ring Octopus, Seafood, Food, 50, 6, 8.3, 0, , , x, 
Blue Spot Pygmy Wrasse, Seafood, Food, 17, 2, 8.5, 0, , , x, 
Blue-Footed Gull, Meat, Food, 43, 5, 8.6, 0, , , x, 
Blue-Throated Hummingbird, Meat, Food, 25, 3, 8.3, 0, , , x, 
Bluebell Clownfish, Seafood, Food, 38, 4, 9.5, 0, , , x, 
Blueridge Fin, Meat, Food, 28, 3, 9.3, 0, , , x, 
Bluespot Weather Loach, Seafood, Food, 43, 5, 8.6, 0, , , x, 
Bold Jumping Spider, Insect, Food, 35, 4, 8.8, 0, , , x, 
Bonebark mold, Plant, Food, 25, 3, 8.3, 0, , , x, 
Catoptria Grass Moth, Insect, Food, 55, 7, 7.9, 0, , , Aqua birdskull armband, 
Cave gecko, Meat, Food, 50, 6, 8.3, 0, , , Aqua birdskull wingpiece, 
Centipede, Insect, Food, 25, 3, 8.3, 0, , , x, 
Citrus Lionfish, Seafood, Food, 26, 3, 8.7, 0, , , x, Shadow Tome
Clover, Plant, Food, 15, 2, 7.5, 0, , , x, Anomalous Skink
Clownfish, Seafood, Food, 38, 4, 9.5, 0, , , x, 
Coiled Burnserpent, Meat, Food, 38, 4, 9.5, 0, , , x, 
Common Froghopper, Insect, Food, 55, 6, 9.2, 0, , , Sakura Flowerfall, 
Common Minnow, Seafood, Food, 15, 2, 7.5, 0, , , x, 
Common Sparrow, Meat, Food, 15, 2, 7.5, 0, , , x, 
Coppercoil Spider, Insect, Food, 43, 5, 8.6, 0, , , x, 
Corpsemaker ivy, Plant, Food, 29, 3, 9.7, 0, , , Crown of bones, 
Crested newt, Meat, Food, 35, 4, 8.8, 0, , , x, 
Crisp-Leaf Amaranth, Plant, Food, 50, 6, 8.3, 0, , , x, 
Crow, Meat, Food, 55, 6, 9.2, 0, , , x, 
Crunchy moth legs, Insect, Food, 17, 2, 8.5, 0, , , x, x
Crystal jellyfish, Seafood, Food, 35, 4, 8.8, 0, , , Venomscale wing guard, 
Crystalline myctophid, Seafood, Food, 38, 4, 9.5, 0, , , x, 
Cursed Batling, Meat, Food, 26, 3, 8.7, 0, , , Broken Penny Jar, 
Cyan Cockatoo, Meat, Food, 42, 5, 8.4, 0, , , x, 
Dark-bordered Beauty, Insect, Food, 60, 7, 8.6, 0, , , x, 
Dark-tufted featherduster, Seafood, Food, 18, 2, 9.0, 0, , , x, 
Darktide jellyfish, Seafood, Food, 35, 4, 8.8, 0, , , x, 
Darkwood Titan, Insect, Food, 25, 3, 8.3, 0, , , x, 
Dayglo thresh, Plant, Food, 29, 3, 9.7, 0, , , x, 
Delicate bat wing, Meat, Food, 40, 5, 8.0, 0, , , x, x
Desert scrub, Plant, Food, 15, 2, 7.5, 0, , , x, 
Devilsnap, Seafood, Food, 62, 7, 8.9, 0, , , x, 
Diving aranea, Insect, Food, 35, 4, 8.8, 0, , , Accent: Seeing Spots, 
Dragonfish, Seafood, Food, 35, 4, 8.8, 0, , , x, 
Dreamwaker, Meat, Food, 27, 3, 9.0, 0, , , Cursed Talonclasp Pendant, 
Dried Anchovies, Seafood, Food, 28, 3, 9.3, 0, , , x, 
Dryad's saddle, Plant, Food, 35, 4, 8.8, 0, , , x, 
Drywood Termite, Insect, Food, 26, 3, 8.7, 0, , , Harvest floracat, 
Dusky mealworm, Insect, Food, 50, 6, 8.3, 0, , , Raven Sylvan Headpiece, x
Dust Slither, Meat, Food, 25, 3, 8.3, 0, , , x, 
Dustwing hummingbird, Meat, Food, 25, 3, 8.3, 0, , , x, Light Tome
Dwarf Fawn, Meat, Food, 17, 2, 8.5, 0, , , Mystic bark mask, 
Dwarf Mushroom, Plant, Food, 25, 3, 8.3, 0, , , Crimson tail bangle, 
Dwarf Octopus, Seafood, Food, 50, 6, 8.3, 0, , , , 
Dwarf Shelf Fungus, Plant, Food, 35, 4, 8.8, 0, , , x, 
Eel fry, Seafood, Food, 43, 5, 8.6, 0, , , x, 
Electric stingers, Seafood, Food, 35, 4, 8.8, 0, , , x, 
Emerald ratsnake, Meat, Food, 25, 3, 8.3, 0, , , x, 
Emetic Russula, Plant, Food, 25, 3, 8.3, 0, , , x, 
Fairy ears, Plant, Food, 35, 4, 8.8, 0, , , x, 
False Leaf, Insect, Food, 17, 2, 8.5, 0, , , x, 
Feverfew, Plant, Food, 27, 3, 9.0, 0, , , x, x
Firebelly Scorpion, Insect, Food, 38, 4, 9.5, 0, , , x, 
Floaters, Insect, Food, 15, 2, 7.5, 0, , , Crimson fillet, 
Forester Squirrel, Meat, Food, 28, 3, 9.3, 0, , , Skin: Whispering Bones, 
Four-Spot Mealworm, Insect, Food, 50, 6, 8.3, 0, , , Autum Sea Dragon, 
Fragile moth wings, Insect, Food, 17, 2, 8.5, 0, , , Crimson silk veil, Shadow Tome
Fungus cutter, Insect, Food, 15, 2, 7.5, 0, , , x, 
Game Fowl, Meat, Food, 20, 3, 6.7, 0, , , x, 
Giant isopod, Seafood, Food, 55, 7, 7.9, 0, , , x, 
Glade swarmer, Insect, Food, 15, 2, 7.5, 0, , , x, 
Glass minnows, Seafood, Food, 15, 2, 7.5, 0, , , x, 
Gliding ant, Insect, Food, 15, 2, 7.5, 0, , , Glamortail Hopper, 
Greater leech, Seafood, Food, 15, 2, 7.5, 0, , , x, 
Greatshell fin, Meat, Food, 27, 3, 9.0, 0, , , x, 
Green algae, Plant, Food, 25, 3, 8.3, 0, , , Venomscale chest guard, 
Greenstripe amaranth, Plant, Food, 50, 6, 8.3, 0, , , x, Glass Beaker (2)
Grey catshark, Seafood, Food, 55, 6, 9.2, 0, , , x, 
Grey squirrel, Meat, Food, 25, 3, 8.3, 0, , , x, 
Hainu's Eye, Plant, Food, 28, 3, 9.3, 0, , , x, 
Hardshell, Insect, Food, 25, 3, 8.3, 0, , , x, Plague Tome
Hellbender, Meat, Food, 35, 4, 8.8, 0, , , Silver ore, 
High-Voltage Almonds, Plant, Food, 43, 5, 8.6, 0, , , x, Green Protective Eyewear
Highland dryleaf, Plant, Food, 15, 2, 7.5, 0, , , x, 
Honeybee, Insect, Food, 15, 2, 7.5, 0, , , x, x
Hopping mouse, Meat, Food, 35, 4, 8.8, 0, , , x, 
Incorporeal Dinner, Meat, Food, 39, 4, 9.8, 0, , , Venomscale chest guard, 
Inky Octopus, Seafood, Food, 50, 6, 8.3, 0, , , x, 
Isopod, Seafood, Food, 55, 7, 7.9, 0, , , x, 
Jagged Beak, Meat, Food, 18, 2, 9.0, 0, , , Venomscale bracers, 
Jumping spider, Insect, Food, 35, 4, 8.8, 0, , , x, 
Jungle grass, Plant, Food, 15, 2, 7.5, 0, , , x, 
Leech , Seafood, Food, 15, 2, 7.5, 0, , , x, 
Leechroot mushroom, Plant, Food, 35, 4, 8.8, 0, , , x, 
Leopard gecko, Meat, Food, 50, 6, 8.3, 0, , , Crimson leg silks, Nature Tome
Longgrass Stalk, Plant, Food, 36, 4, 9.0, 0, , , x, 
Longneck Winter Rations, Plant, Food, 39, 4, 9.8, 0, , , x, 
Longweed Bunch, Plant, Food, 36, 4, 9.0, 0, , , Aqua birdskull necklace, 
Lovebird, Meat, Food, 38, 4, 9.5, 0, , , Crimson arm silks, 
Lucky Star, Plant, Food, 15, 2, 7.5, 0, , , Tan Bandana, Copper Earrings of Transmutation, Gold Earrings of Alchemy
Meal moth, Insect, Food, 25, 3, 8.3, 0, , , x, 
Mealworm, Insect, Food, 50, 6, 8.3, 0, , , x, 
Meaty bat wing, Meat, Food, 40, 5, 8.0, 0, , , x, 
Micromoth, Insect, Food, 60, 7, 8.6, 0, , , x, 
Moonbeam sardines, Seafood, Food, 15, 2, 7.5, 0, , , x, 
Nebula Floaters, Seafood, Food, 35, 4, 8.8, 0, , , x, 
newt, Meat, Food, 35, 4, 8.8, 0, , , x, 
Notocactus, Plant, Food, 25, 3, 8.3, 0, , , x, 
obsidi, Insect, Food, 26, 3, 8.7, 0, , , x, 
Panther anole, Meat, Food, 15, 2, 7.5, 0, , , x, 
Paradise Seeds, Plant, Food, 38, 4, 9.5, 0, , , x, 
Parasitic grub, Insect, Food, 50, 6, 8.3, 0, , , x, x
Peacock Scorpion Tail, Insect, Food, 25, 3, 8.3, 0, , , x, 
Perdita bee, Insect, Food, 15, 2, 7.5, 0, , , x, 
Petalwing Matriarch, Insect, Food, 38, 4, 9.5, 0, , , x, 
Pharaoh Ant, Insect, Food, 15, 2, 7.5, 0, , , x, 
Pillbug, Insect, Food, 25, 3, 8.3, 0, , , x, 
Pillbug, Insect, Food, 25, 3, 8.3, 0, , , x, Anomalous Skink, Conjoined Skink
Polar Wooly, Insect, Food, 38, 4, 9.5, 0, , , x, 
Protective wasp, Insect, Food, 37, 4, 9.3, 0, , , Familiar: Bellus Glamortail, 
Puddlehopper, Meat, Food, 27, 3, 9.0, 0, , , x, 
Pygmy Wrasse, Seafood, Food, 14, 2, 7.0, 0, , , x, 
Rainwater Stink Bug, Insect, Food, 27, 3, 9.0, 0, , , Skin: Depleted Dreams, 
Raspberry, Plant, Food, 25, 3, 8.3, 0, , , x, 
Red and Black Froghopper, Insect, Food, 55, 6, 9.2, 0, , , x, 
Red squirrel, Meat, Food, 25, 3, 8.3, 0, , , x, 
Red-Winged Dewbug, Insect, Food, 19, 2, 9.5, 0, , , Diamond Talonclasp Pendant, 
Redclaw Scorpion, Insect, Food, 38, 4, 9.5, 0, , , x, 
Reverse Silkworm Moth, Insect, Food, 17, 2, 8.5, 0, , , x, 
Rhododendron Leafhopper, Insect, Food, 55, 6, 9.2, 0, , , x, 
Ripe Yellow Banana, Plant, Food, 55, 7, 7.9, 0, , , x, x
Ruby-throated hummingbird, Meat, Food, 25, 3, 8.3, 0, , , x, 
Runic Batling, Meat, Food, 26, 3, 8.7, 0, , , x, 
Runic Pug Moth, Insect, Food, 60, 7, 8.6, 0, , , x, 
Salamander, Meat, Food, 35, 4, 8.8, 0, , , x, 
Sand sucker, Seafood, Food, 15, 2, 7.5, 0, , , x, 
Sardines, Seafood, Food, 15, 2, 7.5, 0, , , Driftwood baron, 
Sea grass, Plant, Food, 15, 2, 7.5, 0, , , Driftwood baron, 
Seaberry, Plant, Food, 25, 3, 8.3, 0, , , Skin: Blue Mineral, 
Serrated beak, Meat, Food, 18, 2, 9.0, 0, , , x, 
Shale skitter, Insect, Food, 25, 3, 8.3, 0, , , x, Plague Tome
Shalefin, Seafood, Food, 39, 4, 9.8, 0, , , x, 
Shiny Anole, Meat, Food, 15, 2, 7.5, 0, , , x, 
Silt sifter, Insect, Food, 25, 3, 8.3, 0, , , Darksong Haori, 
Snowkissed centipede, Insect, Food, 25, 3, 8.3, 0, , , Glossy duskrat, 
Speckled Petunia, Plant, Food, 42, 5, 8.4, 0, , , x, 
Spellbound Beetle, Insect, Food, 43, 5, 8.6, 0, , , x, 
Spotted Seal, Meat, Food, 70, 8, 8.8, 0, , , x, 
Squirming tentacle, Seafood, Food, 43, 5, 8.6, 0, , , x, 
Star moss, Plant, Food, 25, 3, 8.3, 0, , , x, 
Steelhound Drone, Meat, Food, 43, 5, 8.6, 0, , , x, 
Stinglash, Insect, Food, 25, 3, 8.3, 0, , , x, 
Stonespine, Plant, Food, 25, 3, 8.3, 0, , , x, Orange Protective Eyewear
Subterranean Clover, Plant, Food, 15, 2, 7.5, 0, , , x, Glowing Orange Clawtips, Glowing Purple Clawtips, Glowing Red Clawtips
Subterranean Termite, Insect, Food, 25, 3, 8.3, 0, , , x, 
Sugarmelon, Plant, Food, 43, 5, 8.6, 0, , , x, 
Sunflower Seeds, Plant, Food, 38, 4, 9.5, 0, , , x, 
Sweet grass, Plant, Food, 15, 2, 7.5, 0, , , x, 
Swimming anole, Meat, Food, 15, 2, 7.5, 0, , , Empress Beetle, 
Tigereye Squirrel, Meat, Food, 28, 3, 9.3, 0, , , x, 
Tree gecko, Meat, Food, 50, 6, 8.3, 0, , , Spined cobra, 
Turnip, Plant, Food, 55, 6, 9.2, 0, , , Emerald Green Satin Tunic, 
Two-tone Wasp, Insect, Food, 35, 4, 8.8, 0, , , x, 
Umbra Parthenium, Plant, Food, 28, 3, 9.3, 0, , , x, 
Venerable shalefin, Seafood, Food, 39, 4, 9.8, 0, , , Skin: Angler, 
Venomspite Invader, Seafood, Food, 26, 3, 8.7, 0, , , x, 
Vibrant Flutterer, Insect, Food, 38, 4, 9.5, 0, , , x, 
Wetland vampire, Seafood, Food, 15, 2, 7.5, 0, , , Chocolate Ferret, Copper Amulet of Transmutation, Gold Amulet of Alchemy
White Lace Honeybee, Insect, Food, 15, 2, 7.5, 0, , , x, Silver Amulet of Science
White Squirrel, Meat, Food, 25, 3, 8.3, 0, , , x, 
Wild Onion, Plant, Food, 55, 6, 9.2, 0, , , x, 
Winter's Delight, Plant, Food, 25, 3, 8.3, 0, , , x, 
Winterbelle, Plant, Food, 38, 4, 9.5, 0, , , x, 
Wisp Fruit, Plant, Food, 22, 2, 11.0, 50, Yes, , x, 
Wispbug, Insect, Food, 27, 3, 9.0, 0, , , x, 
Wood Shrimp, Seafood, Food, 38, 4, 9.5, 0, , , Skin: Whispering Bones, 
Woodland Acorn, Plant, Food, 25, 3, 8.3, 0, , , x, 
Wooly Bear, Insect, Food, 38, 4, 9.5, 0, , , x, 
Writhing Treesnake, Meat, Food, 38, 4, 9.5, 0, , , Chocolate Ferret, 
Yellow Jumper, Insect, Food, 35, 4, 8.8, 0, , , x, x
Yellow Jumper, Insect, Food, 35, 4, 8.8, 0, , , x, Conjoined Skink
Yellow-Tinged Featherduster, Seafood, Food, 17, 2, 8.5, 0, , , Crimson Tail Bangle, 
Zephyr Sparrow, Meat, Food, 15, 2, 7.5, 0, , , Harvest floracat, 
, Seafood, Food, 35, 4, 8.8, 0, , , x, 
Ashfall Bat, Meat, Brew, 20, 2, 10.0, 0, , , x, 
Brown Bat, Meat, Brew, 20, 2, 10.0, 0, , , x, 
Centaur Nut Mix, Plant, Brew, 20, 2, 10.0, 0, , , Colorburst Buttersnake, x
Centaur Ration Pouch, Plant, Brew, 20, 2, 10.0, 0, , , x, 
Cliff lion, Plant, Brew, 20, 2, 10.0, 0, , , Pink wooly tail, 
Cragside mussels, Seafood, Brew, 20, 2, 10.0, 0, , , Skin: Amber-Trapped Fae, 
Crawdad, Seafood, Brew, 20, 2, 10.0, 0, , , Crimson arm silks, 
Crop Cutter, Insect, Brew, 20, 2, 10.0, 0, , , x, 
Diseased Fungus, Plant, Brew, 20, 2, 10.0, 0, , , Spined cobra, 
Dried Jerky, Meat, Brew, 20, 2, 10.0, 0, , , Darksong Face Mask, Plumed Anticipate
Fissure crawdad, Seafood, Brew, 20, 2, 10.0, 0, , , Venomscale Helmet, 
Flycatcher, Plant, Brew, 20, 2, 10.0, 0, , , x, 
Frostbite Beetle, Insect, Brew, 20, 2, 10.0, 0, , , x, 
Glow mushroom, Plant, Brew, 20, 2, 10.0, 0, , , x, 
Leaf Beetle, Insect, Brew, 20, 2, 10.0, 0, , , Accent: Mana Relic, 
Leaf beetle, Insect, Brew, 20, 2, 10.0, 0, , , Seaweed Scavenger, x
Light's breath, Plant, Brew, 20, 2, 10.0, 0, , , x, Pink Protective Eyewear
Maggot, Insect, Brew, 20, 2, 10.0, 0, , , x, 
Maggot, Insect, Brew, 20, 2, 10.0, 0, , , x, 
Marsh choker, Plant, Brew, 20, 2, 10.0, 0, , , x, 
Mussels, Seafood, Brew, 20, 2, 10.0, 0, , , x, 
Mycena mushroom, Plant, Brew, 20, 2, 10.0, 0, , , Venomscale Helmet, White Protective Eyewear
Northern crayfish, Seafood, Brew, 20, 2, 10.0, 0, , , x, 
Pauper Larvae, Insect, Brew, 20, 2, 10.0, 0, , , x, 
Plague bat, Meat, Brew, 20, 2, 10.0, 0, , , x, 
Roan mouse, Meat, Brew, 20, 2, 10.0, 0, , , x, 
Sakura Owlet, Meat, Brew, 20, 2, 10.0, 0, , , x, Darksteel Cuffs of Necromancy, Gold Cuffs of Alchemy
Satin Mouse, Meat, Brew, 20, 2, 10.0, 0, , , x, 
Shadowmist oysters, Seafood, Brew, 20, 2, 10.0, 0, , , x, 
Sparkling crayfish, Seafood, Brew, 20, 2, 10.0, 0, , , Gold Satin Tunic, Arcane Tome
Strangler Seeds, Plant, Brew, 20, 2, 10.0, 0, , , x, 
Sun baked oysters, Seafood, Brew, 20, 2, 10.0, 0, , , x, 
Sun flecked fieldmouse, Meat, Brew, 20, 2, 10.0, 0, , , x, 
Thick Meat Strips, Meat, Brew, 20, 2, 10.0, 0, , , x, 
Thunder Scarab, Insect, Brew, 20, 2, 10.0, 0, , , Venomscale wing guard, 
Thunder scarab, Insect, Brew, 20, 2, 10.0, 0, , , x, 
Tundra grub, Insect, Brew, 20, 2, 10.0, 0, , , x, 
Tundra Grub, Insect, Brew, 20, 2, 10.0, 0, , , x, Fire Tome
Venus Flytrap, Plant, Brew, 20, 2, 10.0, 0, , , x, 
w, Plant, Brew, 20, 2, 10.0, 0, , , x, 
White-Masked Dustbug, Insect, Brew, 20, 2, 10.0, 0, , , Skin: Birch Swirl, 
White-Masked Dustbug, Insect, Brew, 20, 2, 10.0, 0, , , x, 
, Meat, Brew, 20, 2, 10.0, 0,     x, 
